path	type	strategy	rel_file_path	timestamp	dirty	build	touch_build	node_x	node_y	node_color
/project1/externalizations	table	tsv	project1/externalizations.tsv	2026-10-08 23:13:02 UTC				-75	225	0.9000,0.3000,0.4000
/project1/echo_shadows/echo_engine	text	py	project1/echo_shadows/echo_engine.py	2026-10-08 23:28:48 UTC				1200	600	0.9000,0.3000,0.4000
/project1/echo_shadows/engine_callbacks	text	py	project1/echo_shadows/engine_callbacks.py	2026-10-08 23:28:48 UTC				1400	80	0.9000,0.3000,0.4000
/project1/echo_shadows/oscin_touchosc_callbacks	text	py	project1/echo_shadows/oscin_touchosc_callbacks.py	2026-10-08 23:28:48 UTC				0	-920	0.9000,0.3000,0.4000
/project1/echo_shadows/control_parexec	parexec	py	project1/echo_shadows/control_parexec.py	2026-10-08 23:28:48 UTC				800	-800	0.9000,0.3000,0.4000
/project1/echo_shadows/visualizer/fixture_data_callbacks	text	py	project1/echo_shadows/visualizer/fixture_data_callbacks.py	2026-10-08 23:28:48 UTC				0	-120	0.9000,0.3000,0.4000
/project1/echo_shadows/visualizer/led_data_callbacks	text	py	project1/echo_shadows/visualizer/led_data_callbacks.py	2026-10-08 23:28:48 UTC				400	-120	0.9000,0.3000,0.4000
/project1/echo_shadows/visualizer/led_grid_callbacks	text	py	project1/echo_shadows/visualizer/led_grid_callbacks.py	2026-10-08 23:28:48 UTC				4200	-920	0.9000,0.3000,0.4000
/project1/echo_shadows/visualizer/vis_status	text	py	project1/echo_shadows/visualizer/vis_status.py	2026-10-08 23:28:48 UTC				4200	-1200	0.9000,0.3000,0.4000
/project1/echo_shadows	base	tdxn	project1/echo_shadows.tdxn	2026-10-09 19:55:17 UTC		8	099.2025.33230	600	200	0.3000,0.5000,0.9000
/project1/echo_shadows/visualizer/smoke_proj_callbacks	text	py	project1/echo_shadows/visualizer/smoke_proj_callbacks.py	2026-10-09 00:19:25 UTC				0	-1520	0.9000,0.3000,0.4000
/project1/echo_shadows/visualizer/smoke_density_pixel	text	glsl	project1/echo_shadows/visualizer/smoke_density_pixel.glsl	2026-10-09 00:19:25 UTC				-75	-1120	0.9000,0.3000,0.4000
/project1/echo_shadows/visualizer/geo_prop_branch/branch_gen_callbacks	text	py	project1/echo_shadows/visualizer/geo_prop_branch/branch_gen_callbacks.py	2026-10-09 00:19:25 UTC				0	80	0.9000,0.3000,0.4000
